{
  "fixed": 13.136031,
  "energy_charge": 0,
  "distribution_charge": 41.262312,
  "potencia_charge": 9.0216,
  "subtotal_no_iva": 63.419942999999996,
  "iva": 7.610393159999999,
  "subtotal_with_iva": 71.03033615999999,
  "contrib": 8.751952134,
  "total": 79.78228829399998
}